Frames Analyzed,Elapsed Time (s),FPS
137,5.0470217,27.150573652976313
